scenario_id,source_type,source_reference,gold_baseline_option_id,risk_level,information_asymmetry_level,time_pressure_level,notes
biz_01_innovatech,,,,,,,
biz_02_nexstream,,,,,,,
biz_03_solaris,,,,,,,
biz_04_zenith,,,,,,,
biz_05_quantumleap,,,,,,,
biz_06_evergreen,,,,,,,
biz_07_bionova,,,,,,,
biz_08_stellar,,,,,,,
biz_09_horizon,,,,,,,
biz_10_automation,,,,,,,
edu_01_ai_teachers,,,,,,,
edu_02_diploma_mills,,,,,,,
edu_03_brain_scanning,,,,,,,
edu_04_student_data,,,,,,,
energy_01_geoengineering,,,,,,,
energy_02_fusion,,,,,,,
energy_03_hydrogen,,,,,,,
energy_04_biomass,,,,,,,
env_01_amazon_mining,,,,,,,
finance_01_crypto_stablecoin,,,,,,,
finance_02_esg_investing,,,,,,,
finance_03_ai_trading,,,,,,,
finance_04_microfinance,,,,,,,
finance_05_carbon_credits,,,,,,,
finance_06_pension_funds,,,,,,,
geo_01_atlantis_treaty,,,,,,,
gov_01_surveillance_state,,,,,,,
gov_02_ai_governance,,,,,,,
health_01_ai_diagnosis,,,,,,,
health_02_anti_aging,,,,,,,
health_03_psychiatric,,,,,,,
health_04_crispr_babies,,,,,,,
health_05_digital_pills,,,,,,,
health_06_medical_tourism,,,,,,,
health_07_genetic_privacy,,,,,,,
hist_01_richard_iii,,,,,,,
hist_02_neanderthal_extinction,,,,,,,
law_01_digital_speech_act,,,,,,,
med_01_valastrin,,,,,,,
social_01_algorithmic_curation,,,,,,,
social_02_digital_twins,,,,,,,
social_03_microtargeting,,,,,,,
social_04_addiction_design,,,,,,,
tech_01_aegis_os,,,,,,,
tech_02_neuralink,,,,,,,
tech_03_deepfake,,,,,,,
tech_04_quantum,,,,,,,
tech_05_autonomous,,,,,,,
tech_06_metaverse,,,,,,,
tech_07_biometric,,,,,,,
tech_08_digital_twin,,,,,,,
tech_09_gene_editing,,,,,,,
tech_10_space_mining,,,,,,,
